{"width": 640, "height": 480, "fx": 379.84344482421875, "fy": 379.4401550292969, "ppx": 316.66302490234375, "ppy": 239.63673400878906, "intrinsic_matrix_inv": [-0.05895300209522247, 0.06908947974443436, -0.0008199936128221452, -0.00020156271057203412, -0.021721119061112404]}